module,name,language,license,tier,kvn_ok,attribution,source
afri,Afrikaans 1953,Afrikaans,Public Domain,A,true,false,bss
albanian,Albanian,Albanian,Public Domain,A,true,false,bss
svd,Smith Van Dyke,Arabic,Public Domain,A,true,false,bss
bn_irv,ইন্ডিয়ান রিভাইজড ভার্সন (IRV) - বেঙ্গলী ,Bengali,CC BY-SA,A,true,true,bss
my_judson,မြန်မာကျမ်းစာ Judson 1840,Burmese,Public Domain,A,true,false,bss
chinese_union_simp,Chinese Union (Simplified),Chinese,Public Domain,A,true,false,bss
chinese_union_simp_s,Chinese Union Version 和合本 - Simplified with Strong's numbers 简体中文版连史特朗经文滙篇,Chinese,Public Domain,A,true,false,bss
chinese_union_trad,Chinese Union (Traditional),Chinese,Public Domain,A,true,false,bss
chinese_union_trad_s,Chinese Union Version 和合本 - Traditional with Strong's numbers 繁體中文版連史特朗經文滙篇,Chinese,Public Domain,A,true,false,bss
ckjv_sds,中文英皇钦定本上帝版 Chinese KJV (Simplified) Shang-Di 简体中文,Chinese,CC BY-SA,A,true,true,bss
ckjv_sdt,中文英皇欽定本上帝版 Chinese KJV (Traditional) Shang-Di 繁體中文,Chinese,CC BY-SA,A,true,true,bss
bkr,Bible Kralicka,Czech,Public Domain,A,true,false,bss
stve,Staten Vertaling,Dutch,Public Domain,A,true,false,bss
akjv,American KJV,English,Public Domain,A,true,false,openbible
asv,American Standard Version,English,Public Domain,A,true,false,openbible
asvs,American Standard Version w Strong's,English,Public Domain,A,true,false,bss
bishops,Bishops Bible,English,Public Domain,A,true,false,bss
bsb,Berean Standard Bible,English,Public Domain,A,true,false,openbible
coverdale,Coverdale Bible,English,Public Domain,A,true,false,bss
cpdv,Catholic Public Domain Version,English,Public Domain,A,true,false,openbible
dbt,Darby Translation,English,Public Domain,A,true,false,openbible
drb,Douay-Rheims,English,Public Domain,A,true,false,openbible
erv,English Revised Version,English,Public Domain,A,true,false,openbible
geneva,Geneva Bible,English,Public Domain,A,true,false,bss
jps,JPS Tanakh 1917,English,Public Domain,A,true,false,openbible
kjv,Authorized King James Version,English,Public Domain,A,true,false,openbible
kjv_strongs,Authorized King James Version w Strong's,English,Public Domain,A,true,false,bss
slt,Smiths Literal Translation,English,Public Domain,A,true,false,openbible
tyndale,Tyndale Bible,English,Public Domain,A,true,false,bss
wbt,Webster Bible,English,Public Domain,A,true,false,openbible
web,World English Bible,English,Public Domain,A,true,false,openbible
ylt,Youngs Literal Translation,English,Public Domain,A,true,false,openbible
finn,Finnish 1776 (Finnish),Finnish,Public Domain,A,true,false,bss
epee,La Bible de l'Épée,French,Public Domain,A,true,false,bss
martin,Martin,French,Public Domain,A,true,false,bss
oster,Ostervald,French,Public Domain,A,true,false,bss
segond_1910,Louis Segond 1910,French,Public Domain,A,true,false,bss
elberfelder_1871,Elberfelder (1871),German,Public Domain,A,true,false,bss
elberfelder_1905,Elberfelder (1905),German,Public Domain,A,true,false,bss
luther,Luther Bible (1545),German,Public Domain,A,true,false,bss
luther_1912,Luther Bible (1912),German,Public Domain,A,true,false,bss
tr,Textus Receptus NT,Greek,Public Domain,A,true,false,bss
trparsed,Textus Receptus Parsed NT,Greek,Public Domain,A,true,false,bss
gu_irv,ઇન્ડિયન રીવાઇઝ્ડ વર્ઝન (IRV) ગુજરાતી,Gujarati,CC BY-SA,A,true,true,bss
hcv,Haitian Creole Version ,"Haitian, Haitian Creole",Public Domain,A,true,false,bss
ha_con,"Biblica® Buɗaɗɗen Littafi Mai Tsarki, Sabon Rai Don Kowa™",Hausa,CC BY-SA,A,true,true,bss
ha_lit,Litafi Mai-tsarki,Hausa,CC BY-SA,A,true,true,bss
he_modern,תנ ך עברי מודרני,Hebrew,Public Domain,A,true,false,bss
wlc,WLC,Hebrew,Public Domain,A,true,false,bss
irv,Indian Revised Version,Hindi,CC BY-SA,A,true,true,bss
karoli,Karoli,Hungarian,Public Domain,A,true,false,bss
indo_tm,Terjemahan Lama,Indonesian,Public Domain,A,true,false,bss
diodati,Diodati,Italian,Public Domain,A,true,false,bss
bungo,"Bungo-yaku: Taisho-kaiyaku (NT) (1950), Meiji-yaku (OT) (1953)",Japanese,Public Domain,A,true,false,bss
kougo,Kougo-yaku,Japanese,Public Domain,A,true,false,bss
kn_irv,ಇಂಡಿಯನ್ ರಿವೈಜ್ಡ್ ವರ್ಸನ್ (IRV) - ಕನ್ನಡ,Kannada,CC BY-SA,A,true,true,bss
korean,Korean,Korean,Public Domain,A,true,false,bss
lv_gluck_8,Glück 8th edition,Latvian,Public Domain,A,true,false,bss
lt_heritage,Tikinčiųjų Paveldo Vertimas,Lithuanian,CC BY-SA,A,true,true,bss
maori,Maori Bible,Maori,Public Domain,A,true,false,bss
mr_irv,इंडियन रीवाइज्ड वर्जन (IRV) - मराठी,Marathi,CC BY-SA,A,true,true,bss
ne_ulb,अनलक शाब्दिक बाइबल,Nepali,CC BY-SA,A,true,true,bss
opt,Old Persian Translation,Persian,Public Domain,A,true,false,bss
polbg,Polska Biblia Gdanska,Polish,Public Domain,A,true,false,bss
almeida_ra,Tradução de João Ferreira de Almeida (Versão Revista e Atualizada),Portuguese,Public Domain,A,true,false,bss
almeida_rc,Tradução de João Ferreira de Almeida Revista e Corrigida.,Portuguese,Public Domain,A,true,false,bss
blivre,Biblia Livre,Portuguese,CC BY,A,true,true,bss
pa_irv,ਇੰਡਿਅਨ ਰਿਵਾਇਜ਼ਡ ਵਰਜ਼ਨ (IRV) - ਪੰਜਾਬੀ,"Punjabi, Panjabi",CC BY-SA,A,true,true,bss
cornilescu,Cornilescu,Romanian,Public Domain,A,true,false,bss
synodal,Synodal,Russian,Public Domain,A,true,false,bss
rv_1858,Reina Valera 1858 NT,Spanish,Public Domain,A,true,false,bss
rv_1909,Reina Valera 1909,Spanish,Public Domain,A,true,false,bss
rv_1909_strongs,Reina-Valera 1909 w/Strong's,Spanish,Public Domain,A,true,false,bss
sagradas,Sagradas Escrituras,Spanish,Public Domain,A,true,false,bss
swahili,Swahili NT,Swahili,Public Domain,A,true,false,bss
tagab,Tagalog Ang Biblia,Tagalog,Public Domain,A,true,false,bss
ta_irv,இண்டியன் ரிவைஸ்டு வெர்ஸன்,Tamil,CC BY-SA,A,true,true,bss
ta_oitce,திறந்தநிலை தமிழ் சமகால பதிப்பு,Tamil,CC BY-SA,A,true,true,bss
te_irv,ఇండియన్ రివైజ్డ్ వెర్షన్ (IRV) - తెలుగు,Telugu,CC BY-SA,A,true,true,bss
thaikjv,Thai KJV,Thai,Public Domain,A,true,false,bss
turkish,Turkish,Turkish,Public Domain,A,true,false,bss
ug_ara,مۇقېددېس‭ ‬كالام (‭‬يەنگى‭ ‬يېزىق‭ ‬ ),"Uighur, Uyghur",CC BY-SA,A,true,true,bss
cadman,Vietnamese Cadman,Vietnamese,Public Domain,A,true,false,bss
jv_jvn,Kitab sutyi prejanjian anyar ing Basa Jawa Suriname sing gampang,Javanese,CC BY-ND,B,false,true,bss
so_jimale,Kitaabka Quduuska Ah Adan Jim'ale,Somali,CC BY-ND,B,false,true,bss
tg_tgk,Части Библии в таджикском языке Таджикистан,Tajik,CC BY-ND,B,false,true,bss
bo_ntb,དམ་པའི་གསུང་རབ་བོད་འགྱུར་གསར་མ།,Tibetan,CC BY-ND,B,false,true,bss
ur_geo,کتابِ مقدّس,Urdu,CC BY-ND,B,false,true,bss
wo_kyg,Kàddug Yàlla gi,Wolof,CC BY-ND,B,false,true,bss
wo_wol_nt_2010,Téereb Injiil,Wolof,CC BY-ND,B,false,true,bss
